Model,Accuracy,Precision,Recall,F1-Score,ROC-AUC
Random Forest (Balanced),1.0,1.0,1.0,1.0,1.0
XGBoost (Default),1.0,1.0,1.0,1.0,1.0
XGBoost (Balanced),0.9999992141602044,0.75,1.0,0.8571428571428571,1.0
XGBoost (SMOTE),0.9999992141602044,0.75,1.0,0.8571428571428571,0.999999738052784
Logistic Regression,0.9999229877000355,0.0297029702970297,1.0,0.057692307692307696,0.999991879636302
